Id,Pred
2017_1437_1438,0.0763826748879
2017_1437_1458,0.0734156347205
2017_1437_1439,0.0866638459987
2017_1437_1452,0.146163529268
2017_1437_1462,0.0440506750165
2017_1437_1455,0.202066888626
2017_1437_1448,0.0551582784053
2017_1437_1457,0.0721976241966
2017_1181_1437,0.615050248981
2017_1181_1196,0.351357955673
2017_1181_1438,0.285565175769
2017_1181_1374,0.385634775301
2017_1181_1376,0.170893176335
2017_1181_1458,0.293951466048
2017_1181_1439,0.297596265503
2017_1181_1266,0.30667704396
2017_1181_1344,0.120152138182
2017_1181_1425,0.257456350864
2017_1181_1423,0.275365065047
2017_1181_1190,0.382728276161
2017_1181_1308,0.304925955876
2017_1181_1407,0.162149242197
2017_1181_1291,0.0697967855851
2017_1181_1309,0.0965590330347
2017_1181_1211,0.576345989174
2017_1181_1199,0.373955224
2017_1181_1452,0.384090011153
2017_1181_1323,0.29076298872
2017_1181_1268,0.13773861048
2017_1181_1388,0.389610723173
2017_1181_1321,0.208188458396
2017_1181_1435,0.134652537767
2017_1181_1433,0.241959381876
2017_1181_1462,0.18391705847
2017_1181_1343,0.208633056569
2017_1181_1195,0.260109457415
2017_1181_1315,0.243440860196
2017_1181_1355,0.148376973393
2017_1181_1242,0.392856381864
2017_1181_1257,0.362780873153
2017_1181_1332,0.53573364751
2017_1181_1345,0.465078552467
2017_1181_1235,0.264418149747
2017_1181_1276,0.188876936704
2017_1181_1274,0.203382529067
2017_1181_1277,0.173615531631
2017_1181_1329,0.453063861952
2017_1181_1348,0.245565021728
2017_1181_1305,0.305547295307
2017_1181_1436,0.212086954088
2017_1181_1233,0.240084545132
2017_1181_1240,0.11451421729
2017_1181_1300,0.266313345223
2017_1181_1413,0.127620211236
2017_1181_1314,0.453059494038
2017_1181_1246,0.402798722886
2017_1181_1417,0.389444794936
2017_1181_1278,0.257373032927
2017_1181_1371,0.18782556577
2017_1181_1455,0.532984086015
2017_1181_1243,0.16280395391
2017_1181_1448,0.266603002642
2017_1181_1292,0.296401977897
2017_1181_1457,0.302985606419
2017_1181_1245,0.157919367693
2017_1181_1297,0.177763682522
2017_1181_1411,0.126250962283
2017_1124_1437,0.805233446191
2017_1124_1181,0.500233976806
2017_1124_1196,0.470839414743
2017_1124_1438,0.425002941401
2017_1124_1374,0.600165474516
2017_1124_1376,0.327839283053
2017_1124_1458,0.392615019503
2017_1124_1439,0.324883556607
2017_1124_1266,0.374222931059
2017_1124_1344,0.224356016609
2017_1124_1425,0.352832231655
2017_1124_1423,0.382861218487
2017_1124_1190,0.457350447844
2017_1124_1308,0.359303592595
2017_1124_1407,0.255015398186
2017_1124_1291,0.176985848293
2017_1124_1309,0.18287380558
2017_1124_1211,0.747345459079
2017_1124_1199,0.450109887662
2017_1124_1452,0.530769521195
2017_1124_1323,0.469531896978
2017_1124_1268,0.238055730239
2017_1124_1388,0.565663982337
2017_1124_1321,0.265750181353
2017_1124_1435,0.219586522681
2017_1124_1433,0.419571805678
2017_1124_1462,0.226716214514
2017_1124_1343,0.31082432592
2017_1124_1137,0.4067244487
2017_1124_1195,0.345554071242
2017_1124_1315,0.268204219953
2017_1124_1355,0.181734624909
2017_1124_1242,0.552745265719
2017_1124_1257,0.529973193131
2017_1124_1332,0.748014914472
2017_1124_1345,0.548414801325
2017_1124_1235,0.339438029325
2017_1124_1166,0.302271064027
2017_1124_1276,0.267731198204
2017_1124_1274,0.263700020057
2017_1124_1277,0.238525987311
2017_1124_1329,0.545848175067
2017_1124_1348,0.361773785004
2017_1124_1305,0.424549902921
2017_1124_1436,0.428466071513
2017_1124_1233,0.308286885914
2017_1124_1240,0.223821152647
2017_1124_1300,0.349798132136
2017_1124_1413,0.220498228949
2017_1124_1314,0.581573790787
2017_1124_1246,0.654217043178
2017_1124_1417,0.514238885214
2017_1124_1139,0.358484473993
2017_1124_1278,0.463867066337
2017_1124_1153,0.553550890033
2017_1124_1173,0.425304965008
2017_1124_1371,0.226492689652
2017_1124_1455,0.712711637265
2017_1124_1243,0.223584496139
2017_1124_1448,0.343064107662
2017_1124_1292,0.44805370945
2017_1124_1457,0.368720405073
2017_1124_1245,0.232231116488
2017_1124_1297,0.232484177254
2017_1124_1411,0.202492264754
2017_1196_1437,0.541433144191
2017_1196_1438,0.157845319816
2017_1196_1374,0.292386527632
2017_1196_1376,0.122578793314
2017_1196_1458,0.169676780604
2017_1196_1439,0.155837380137
2017_1196_1266,0.215494199371
2017_1196_1344,0.0771592194456
2017_1196_1425,0.172813972112
2017_1196_1423,0.1989535158
2017_1196_1308,0.145766456203
2017_1196_1407,0.0948917344824
2017_1196_1291,0.0623499387872
2017_1196_1309,0.072412377733
2017_1196_1211,0.503164868185
2017_1196_1199,0.245164180231
2017_1196_1452,0.307425397514
2017_1196_1323,0.222461735078
2017_1196_1268,0.0785695739503
2017_1196_1388,0.276890508449
2017_1196_1321,0.0925817704326
2017_1196_1435,0.07296239234
2017_1196_1433,0.189952874722
2017_1196_1462,0.0888587767821
2017_1196_1343,0.116491333662
2017_1196_1315,0.142060622067
2017_1196_1355,0.0887089049463
2017_1196_1242,0.342932217289
2017_1196_1257,0.280046641228
2017_1196_1332,0.602522069605
2017_1196_1345,0.345468489681
2017_1196_1235,0.180592769982
2017_1196_1276,0.094449571634
2017_1196_1274,0.0969680505425
2017_1196_1277,0.094839137857
2017_1196_1329,0.306157684602
2017_1196_1348,0.155321532484
2017_1196_1305,0.23374209246
2017_1196_1436,0.144165176981
2017_1196_1233,0.15931200979
2017_1196_1240,0.078856240515
2017_1196_1300,0.134509656013
2017_1196_1413,0.0813889981575
2017_1196_1314,0.37151557161
2017_1196_1246,0.376180291034
2017_1196_1417,0.278085587854
2017_1196_1278,0.243844073694
2017_1196_1371,0.0949331993919
2017_1196_1455,0.470740715059
2017_1196_1243,0.079641850516
2017_1196_1448,0.153347053101
2017_1196_1292,0.200172498933
2017_1196_1457,0.163535725686
2017_1196_1245,0.0915076964485
2017_1196_1297,0.0855324412054
2017_1196_1411,0.0715465126248
2017_1438_1458,0.397516529865
2017_1438_1439,0.393869139306
2017_1438_1452,0.559183980572
2017_1438_1462,0.27661358688
2017_1438_1455,0.679587771285
2017_1438_1448,0.383952293454
2017_1438_1457,0.410678666647
2017_1374_1437,0.167446497054
2017_1374_1438,0.0487141272272
2017_1374_1376,0.041207537545
2017_1374_1458,0.0502806154501
2017_1374_1439,0.0848863648408
2017_1374_1425,0.068810248777
2017_1374_1423,0.0602585069665
2017_1374_1407,0.0401302713267
2017_1374_1452,0.0783132601259
2017_1374_1388,0.0654538055514
2017_1374_1435,0.0336827572881
2017_1374_1433,0.0413620882671
2017_1374_1462,0.0434016621179
2017_1374_1436,0.0394281393576
2017_1374_1413,0.0331523878352
2017_1374_1417,0.104495112833
2017_1374_1455,0.0932666443332
2017_1374_1448,0.0521450421804
2017_1374_1457,0.0652340388821
2017_1374_1411,0.0304527645834
2017_1376_1437,0.795256570901
2017_1376_1438,0.583878284281
2017_1376_1458,0.560543246207
2017_1376_1439,0.467119112705
2017_1376_1425,0.51473614586
2017_1376_1423,0.60619368734
2017_1376_1407,0.370494812188
2017_1376_1452,0.675171783375
2017_1376_1388,0.639849810772
2017_1376_1435,0.320773889112
2017_1376_1433,0.534147432399
2017_1376_1462,0.339822878429
2017_1376_1436,0.537190394994
2017_1376_1413,0.297466701651
2017_1376_1417,0.672973137251
2017_1376_1455,0.799308670255
2017_1376_1448,0.440608344173
2017_1376_1457,0.505148839982
2017_1376_1411,0.327109311709
2017_1458_1462,0.177237232966
2017_1439_1458,0.677652096582
2017_1439_1452,0.747653857725
2017_1439_1462,0.510697440369
2017_1439_1455,0.829804372308
2017_1439_1448,0.609170986302
2017_1439_1457,0.653797575459
2017_1266_1437,0.842453320819
2017_1266_1438,0.658171639982
2017_1266_1374,0.736153977523
2017_1266_1376,0.44896647013
2017_1266_1458,0.652836205924
2017_1266_1439,0.528459708326
2017_1266_1344,0.378184683929
2017_1266_1425,0.530214287384
2017_1266_1423,0.595830617658
2017_1266_1308,0.604191716943
2017_1266_1407,0.448430484057
2017_1266_1291,0.222868530219
2017_1266_1309,0.242765550426
2017_1266_1452,0.685232225694
2017_1266_1323,0.608726066639
2017_1266_1268,0.44783461841
2017_1266_1388,0.696331829142
2017_1266_1321,0.55052165193
2017_1266_1435,0.436342124996
2017_1266_1433,0.590451405266
2017_1266_1462,0.454787637817
2017_1266_1343,0.587899737101
2017_1266_1315,0.485264010548
2017_1266_1355,0.359884996293
2017_1266_1332,0.793302491895
2017_1266_1345,0.718488344164
2017_1266_1276,0.504185253158
2017_1266_1274,0.533426221596
2017_1266_1277,0.449738116937
2017_1266_1329,0.755168960615
2017_1266_1348,0.595172817163
2017_1266_1305,0.61065969357
2017_1266_1436,0.541781238993
2017_1266_1300,0.598371009236
2017_1266_1413,0.36055015944
2017_1266_1314,0.703170298641
2017_1266_1417,0.612424181914
2017_1266_1278,0.612068421451
2017_1266_1371,0.473594739709
2017_1266_1455,0.786197812511
2017_1266_1448,0.555971345743
2017_1266_1292,0.628445244454
2017_1266_1457,0.615741383026
2017_1266_1297,0.457774184957
2017_1266_1411,0.392698464339
2017_1344_1437,0.859578565878
2017_1344_1438,0.681310685299
2017_1344_1374,0.772204159078
2017_1344_1376,0.564905917704
2017_1344_1458,0.64765741226
2017_1344_1439,0.571816851681
2017_1344_1425,0.588659374634
2017_1344_1423,0.60139797504
2017_1344_1407,0.470551750825
2017_1344_1452,0.720034650223
2017_1344_1388,0.738490236628
2017_1344_1435,0.436837153894
2017_1344_1433,0.636402908689
2017_1344_1462,0.444807234669
2017_1344_1355,0.423301932128
2017_1344_1345,0.718769554234
2017_1344_1348,0.617137874512
2017_1344_1436,0.64866677175
2017_1344_1413,0.390656794081
2017_1344_1417,0.673804452939
2017_1344_1371,0.456282847374
2017_1344_1455,0.839385899676
2017_1344_1448,0.558136007114
2017_1344_1457,0.596842079835
2017_1344_1411,0.405489968035
2017_1425_1437,0.812996113779
2017_1425_1438,0.418916849229
2017_1425_1458,0.425274946853
2017_1425_1439,0.316598280119
2017_1425_1452,0.621030955703
2017_1425_1435,0.18032943067
2017_1425_1433,0.447783685648
2017_1425_1462,0.211725017683
2017_1425_1436,0.393886410138
2017_1425_1455,0.784100909135
2017_1425_1448,0.342646800327
2017_1425_1457,0.370579410801
2017_1423_1437,0.874752695524
2017_1423_1438,0.563055252688
2017_1423_1458,0.565487571735
2017_1423_1439,0.405001945174
2017_1423_1425,0.441934362367
2017_1423_1452,0.719729128106
2017_1423_1435,0.299427190975
2017_1423_1433,0.58968517392
2017_1423_1462,0.35249706058
2017_1423_1436,0.570552997449
2017_1423_1455,0.843916850948
2017_1423_1448,0.448362333095
2017_1423_1457,0.515647433327
2017_1190_1437,0.74208909264
2017_1190_1196,0.547194201476
2017_1190_1438,0.455666840579
2017_1190_1374,0.487231496039
2017_1190_1376,0.34037992877
2017_1190_1458,0.446536420592
2017_1190_1439,0.416592200675
2017_1190_1266,0.49464570696
2017_1190_1344,0.277152071612
2017_1190_1425,0.468240375579
2017_1190_1423,0.504508871651
2017_1190_1308,0.428369608296
2017_1190_1407,0.32561184187
2017_1190_1291,0.21017864334
2017_1190_1309,0.211607444146
2017_1190_1211,0.692176727232
2017_1190_1199,0.573276190143
2017_1190_1452,0.512508999508
2017_1190_1323,0.496914021324
2017_1190_1268,0.285382333121
2017_1190_1388,0.442338485815
2017_1190_1321,0.319387592668
2017_1190_1435,0.271556302419
2017_1190_1433,0.406514664051
2017_1190_1462,0.301095692825
2017_1190_1343,0.359766768359
2017_1190_1195,0.411364887658
2017_1190_1315,0.397931069075
2017_1190_1355,0.263690932012
2017_1190_1242,0.565061794521
2017_1190_1257,0.519737979756
2017_1190_1332,0.695539585446
2017_1190_1345,0.522662382568
2017_1190_1235,0.453535343574
2017_1190_1276,0.327713243425
2017_1190_1274,0.334622503105
2017_1190_1277,0.299849703127
2017_1190_1329,0.651813888378
2017_1190_1348,0.420623608489
2017_1190_1305,0.449657649878
2017_1190_1436,0.322423770422
2017_1190_1233,0.429666276711
2017_1190_1240,0.264155637037
2017_1190_1300,0.382206470014
2017_1190_1413,0.256512034818
2017_1190_1314,0.589746180686
2017_1190_1246,0.574371218371
2017_1190_1417,0.489503505193
2017_1190_1278,0.450048758209
2017_1190_1371,0.316356698021
2017_1190_1455,0.66217911889
2017_1190_1243,0.306294141485
2017_1190_1448,0.42373418322
2017_1190_1292,0.376720815966
2017_1190_1457,0.451763437529
2017_1190_1245,0.316600314719
2017_1190_1297,0.295863167793
2017_1190_1411,0.296108352501
2017_1308_1437,0.772942526974
2017_1308_1438,0.411814863828
2017_1308_1374,0.537264023516
2017_1308_1376,0.331127789973
2017_1308_1458,0.390014947007
2017_1308_1439,0.335906197002
2017_1308_1344,0.213435491553
2017_1308_1425,0.378639226318
2017_1308_1423,0.409474907691
2017_1308_1407,0.256893101893
2017_1308_1309,0.197782234671
2017_1308_1452,0.549035553546
2017_1308_1323,0.476219023527
2017_1308_1388,0.501840021905
2017_1308_1321,0.251674521673
2017_1308_1435,0.204776053028
2017_1308_1433,0.423201126138
2017_1308_1462,0.242818880765
2017_1308_1343,0.308490801681
2017_1308_1315,0.311536833993
2017_1308_1355,0.198861759459
2017_1308_1332,0.737137914465
2017_1308_1345,0.564467975019
2017_1308_1329,0.573267272911
2017_1308_1348,0.365217732299
2017_1308_1436,0.367040571485
2017_1308_1413,0.218121110973
2017_1308_1314,0.567664775984
2017_1308_1417,0.493829007931
2017_1308_1371,0.24571573375
2017_1308_1455,0.698338863211
2017_1308_1448,0.354143106401
2017_1308_1457,0.37129577282
2017_1308_1411,0.218806339838
2017_1407_1437,0.863075559666
2017_1407_1438,0.511061858247
2017_1407_1458,0.522253075702
2017_1407_1439,0.391407302638
2017_1407_1425,0.421020753625
2017_1407_1423,0.45696022501
2017_1407_1452,0.71051351129
2017_1407_1435,0.2418357822
2017_1407_1433,0.545027044326
2017_1407_1462,0.295014188432
2017_1407_1436,0.485122199707
2017_1407_1413,0.232239337726
2017_1407_1417,0.595914257239
2017_1407_1455,0.825315978925
2017_1407_1448,0.430495787893
2017_1407_1457,0.465180219589
2017_1407_1411,0.261823768456
2017_1291_1437,0.899651772409
2017_1291_1438,0.843235799421
2017_1291_1374,0.901358795472
2017_1291_1376,0.692746750041
2017_1291_1458,0.823544225625
2017_1291_1439,0.736504099128
2017_1291_1344,0.599766350994
2017_1291_1425,0.770641113192
2017_1291_1423,0.779851666613
2017_1291_1308,0.808354153563
2017_1291_1407,0.681078440586
2017_1291_1309,0.462834884385
2017_1291_1452,0.87380269451
2017_1291_1323,0.811444814718
2017_1291_1388,0.887996875571
2017_1291_1321,0.740056552335
2017_1291_1435,0.635539820263
2017_1291_1433,0.809304538036
2017_1291_1462,0.657130995652
2017_1291_1343,0.768295794668
2017_1291_1315,0.699366693721
2017_1291_1355,0.553398856941
2017_1291_1332,0.91681462923
2017_1291_1345,0.877204423973
2017_1291_1329,0.722151450968
2017_1291_1348,0.796267866268
2017_1291_1305,0.813825491977
2017_1291_1436,0.82468173643
2017_1291_1300,0.793596926023
2017_1291_1413,0.547976003611
2017_1291_1314,0.896652477884
2017_1291_1417,0.841519253957
2017_1291_1371,0.653561228032
2017_1291_1455,0.933642726495
2017_1291_1448,0.739777982213
2017_1291_1292,0.84720736579
2017_1291_1457,0.811827331232
2017_1291_1297,0.664440270873
2017_1291_1411,0.611135950989
2017_1309_1437,0.92214891011
2017_1309_1438,0.856361359005
2017_1309_1374,0.913600534879
2017_1309_1376,0.688667422917
2017_1309_1458,0.840397639523
2017_1309_1439,0.752462781552
2017_1309_1344,0.611580245509
2017_1309_1425,0.784038813734
2017_1309_1423,0.802537079443
2017_1309_1407,0.636570316476
2017_1309_1452,0.888547589115
2017_1309_1323,0.833727867602
2017_1309_1388,0.899454630926
2017_1309_1321,0.738154638596
2017_1309_1435,0.6444063908
2017_1309_1433,0.827232677741
2017_1309_1462,0.598743073036
2017_1309_1343,0.797008752051
2017_1309_1315,0.692921505679
2017_1309_1355,0.552253714517
2017_1309_1332,0.932769707044
2017_1309_1345,0.874751867634
2017_1309_1329,0.76189244159
2017_1309_1348,0.811179052621
2017_1309_1436,0.84314652745
2017_1309_1413,0.495230410709
2017_1309_1314,0.90686806895
2017_1309_1417,0.848070461175
2017_1309_1371,0.650542112441
2017_1309_1455,0.946438355889
2017_1309_1448,0.7519735685
2017_1309_1457,0.812676329989
2017_1309_1411,0.593002356424
2017_1211_1437,0.10262358819
2017_1211_1438,0.0279161591418
2017_1211_1374,0.0268799717731
2017_1211_1376,0.0305392048234
2017_1211_1458,0.0278186940924
2017_1211_1439,0.057351791382
2017_1211_1266,0.0587718217805
2017_1211_1344,0.0190009050422
2017_1211_1425,0.0483471765014
2017_1211_1423,0.0464738245409
2017_1211_1308,0.0420024773796
2017_1211_1407,0.0284354183663
2017_1211_1291,0.0188711103293
2017_1211_1309,0.0248342007343
2017_1211_1452,0.055398293677
2017_1211_1323,0.0322947025356
2017_1211_1268,0.0237930951286
2017_1211_1388,0.0435424531345
2017_1211_1321,0.0226139583037
2017_1211_1435,0.0242842891306
2017_1211_1433,0.0250752900728
2017_1211_1462,0.0308503930364
2017_1211_1343,0.0234742675823
2017_1211_1315,0.0441338020852
2017_1211_1355,0.0346480559491
2017_1211_1242,0.0698455050511
2017_1211_1257,0.0372053422414
2017_1211_1332,0.0771084312525
2017_1211_1345,0.0514457171841
2017_1211_1235,0.0538416464209
2017_1211_1276,0.019322757189
2017_1211_1274,0.0229598683928
2017_1211_1277,0.0243865666011
2017_1211_1329,0.0833728724579
2017_1211_1348,0.0265268406986
2017_1211_1305,0.0541329970489
2017_1211_1436,0.023809241354
2017_1211_1233,0.0423080248266
2017_1211_1240,0.0229703067969
2017_1211_1300,0.0221489402539
2017_1211_1413,0.0270059227932
2017_1211_1314,0.0770670813969
2017_1211_1246,0.0550652212293
2017_1211_1417,0.0833353682799
2017_1211_1278,0.0479715418611
2017_1211_1371,0.0267506586765
2017_1211_1455,0.052278393415
2017_1211_1243,0.0229580475434
2017_1211_1448,0.0343871576843
2017_1211_1292,0.0363122142436
2017_1211_1457,0.0433532267277
2017_1211_1245,0.0267217254729
2017_1211_1297,0.0246887914225
2017_1211_1411,0.0228200451743
2017_1112_1437,0.258070648937
2017_1112_1181,0.0921677707102
2017_1112_1124,0.0407489602502
2017_1112_1196,0.106191392776
2017_1112_1438,0.0766602172889
2017_1112_1374,0.0968216038024
2017_1112_1376,0.065040276711
2017_1112_1458,0.0700917995846
2017_1112_1439,0.111370173469
2017_1112_1266,0.123751382462
2017_1112_1344,0.0511273624952
2017_1112_1425,0.0966996520456
2017_1112_1423,0.0797052796657
2017_1112_1190,0.141562267828
2017_1112_1308,0.0825719516191
2017_1112_1407,0.0495846171835
2017_1112_1291,0.0421725386178
2017_1112_1309,0.0457604681071
2017_1112_1211,0.196969712338
2017_1112_1199,0.103084089521
2017_1112_1452,0.120470478108
2017_1112_1323,0.079079053824
2017_1112_1268,0.0503337810564
2017_1112_1388,0.108101254262
2017_1112_1321,0.0570064286185
2017_1112_1435,0.0511680720589
2017_1112_1433,0.0631198419257
2017_1112_1462,0.0552982236446
2017_1112_1343,0.0542761309201
2017_1112_1137,0.0919308629958
2017_1112_1195,0.120748269217
2017_1112_1315,0.0857271896323
2017_1112_1355,0.052213627935
2017_1112_1242,0.153970397742
2017_1112_1257,0.0993656690808
2017_1112_1332,0.262653126079
2017_1112_1345,0.115971184951
2017_1112_1235,0.0944690290035
2017_1112_1166,0.147842654647
2017_1112_1276,0.04916866113
2017_1112_1274,0.0584112208689
2017_1112_1277,0.0515402181145
2017_1112_1329,0.16407710068
2017_1112_1348,0.0626907157054
2017_1112_1305,0.109461371188
2017_1112_1436,0.0690698491219
2017_1112_1233,0.0837918862365
2017_1112_1240,0.04862559623
2017_1112_1300,0.0599913714851
2017_1112_1413,0.0503059783577
2017_1112_1314,0.137356457546
2017_1112_1246,0.11602384841
2017_1112_1417,0.168007439494
2017_1112_1139,0.0767043623758
2017_1112_1278,0.106977484152
2017_1112_1153,0.0714562265305
2017_1112_1173,0.0816856339697
2017_1112_1116,0.072169887099
2017_1112_1371,0.061976860735
2017_1112_1455,0.14848129859
2017_1112_1243,0.0461279018532
2017_1112_1448,0.0753678485638
2017_1112_1292,0.0981836838114
2017_1112_1457,0.0884573014572
2017_1112_1245,0.0494402922567
2017_1112_1297,0.0588881543467
2017_1112_1411,0.0440981644644
2017_1199_1437,0.867036913631
2017_1199_1438,0.473980630024
2017_1199_1374,0.723641439144
2017_1199_1376,0.307575780456
2017_1199_1458,0.499076460158
2017_1199_1439,0.356543552147
2017_1199_1266,0.452318038453
2017_1199_1344,0.190291415754
2017_1199_1425,0.415526422924
2017_1199_1423,0.424719746003
2017_1199_1308,0.454373444079
2017_1199_1407,0.267999147865
2017_1199_1291,0.118648794862
2017_1199_1309,0.14093239409
2017_1199_1211,0.846338935649
2017_1199_1452,0.698863937126
2017_1199_1323,0.530805517974
2017_1199_1268,0.236844459934
2017_1199_1388,0.682744658585
2017_1199_1321,0.322050888234
2017_1199_1435,0.224630788716
2017_1199_1433,0.543898496428
2017_1199_1462,0.246236957854
2017_1199_1343,0.393989178284
2017_1199_1315,0.349503577277
2017_1199_1355,0.210485900557
2017_1199_1242,0.668032578509
2017_1199_1257,0.677153028748
2017_1199_1332,0.839163268491
2017_1199_1345,0.711770673425
2017_1199_1235,0.411204662722
2017_1199_1276,0.253973592527
2017_1199_1274,0.333315408075
2017_1199_1277,0.268277653961
2017_1199_1329,0.603117127789
2017_1199_1348,0.461250326757
2017_1199_1305,0.554248225456
2017_1199_1436,0.493085272408
2017_1199_1233,0.368432537991
2017_1199_1240,0.190114471513
2017_1199_1300,0.442605660731
2017_1199_1413,0.195848553831
2017_1199_1314,0.737043601105
2017_1199_1246,0.757119970621
2017_1199_1417,0.597624482781
2017_1199_1278,0.443314663549
2017_1199_1371,0.268036987918
2017_1199_1455,0.846070502897
2017_1199_1243,0.279525077409
2017_1199_1448,0.39405033023
2017_1199_1292,0.589374188032
2017_1199_1457,0.45550283619
2017_1199_1245,0.260216567532
2017_1199_1297,0.238561835553
2017_1199_1411,0.220008398879
2017_1452_1458,0.18961579186
2017_1452_1462,0.0865721802051
2017_1452_1455,0.515715024405
2017_1452_1457,0.174652024202
2017_1323_1437,0.710912430096
2017_1323_1438,0.403107804599
2017_1323_1374,0.525800521804
2017_1323_1376,0.248772713182
2017_1323_1458,0.389093283536
2017_1323_1439,0.332465236903
2017_1323_1344,0.194721350762
2017_1323_1425,0.36107965949
2017_1323_1423,0.36888653565
2017_1323_1407,0.227556523689
2017_1323_1452,0.499035576165
2017_1323_1388,0.476215494649
2017_1323_1435,0.208177782768
2017_1323_1433,0.346087523905
2017_1323_1462,0.238126089235
2017_1323_1343,0.295007085022
2017_1323_1355,0.18950129347
2017_1323_1332,0.67086912176
2017_1323_1345,0.57221678973
2017_1323_1329,0.565698145405
2017_1323_1348,0.35052733898
2017_1323_1436,0.276384717666
2017_1323_1413,0.191613980136
2017_1323_1417,0.459571918142
2017_1323_1371,0.259806480212
2017_1323_1455,0.687303763783
2017_1323_1448,0.347041388292
2017_1323_1457,0.414477968091
2017_1323_1411,0.180285913071
2017_1268_1437,0.866046431974
2017_1268_1438,0.713741178979
2017_1268_1374,0.751896920125
2017_1268_1376,0.508029307286
2017_1268_1458,0.699266695908
2017_1268_1439,0.616024878525
2017_1268_1344,0.42956997945
2017_1268_1425,0.651911118177
2017_1268_1423,0.663809607765
2017_1268_1308,0.699932043482
2017_1268_1407,0.53717196746
2017_1268_1291,0.252358229273
2017_1268_1309,0.293876159191
2017_1268_1452,0.768392914765
2017_1268_1323,0.684172405057
2017_1268_1388,0.72447763072
2017_1268_1321,0.600864785514
2017_1268_1435,0.459219427401
2017_1268_1433,0.656296026728
2017_1268_1462,0.535552928659
2017_1268_1343,0.615996368716
2017_1268_1315,0.597660481204
2017_1268_1355,0.384040681671
2017_1268_1332,0.805330357994
2017_1268_1345,0.792878691712
2017_1268_1276,0.558659365139
2017_1268_1274,0.58554347356
2017_1268_1277,0.500155776316
2017_1268_1329,0.761910497267
2017_1268_1348,0.660694567793
2017_1268_1305,0.689730178914
2017_1268_1436,0.606697410168
2017_1268_1300,0.669459066311
2017_1268_1413,0.394711078419
2017_1268_1314,0.793099461083
2017_1268_1417,0.703271206568
2017_1268_1278,0.631567481297
2017_1268_1371,0.522239127001
2017_1268_1455,0.840795009293
2017_1268_1448,0.624353924701
2017_1268_1292,0.683898936394
2017_1268_1457,0.708405409186
2017_1268_1297,0.532339216443
2017_1268_1411,0.4626229798
2017_1388_1437,0.347345299975
2017_1388_1438,0.12983603545
2017_1388_1458,0.116911851024
2017_1388_1439,0.176121704603
2017_1388_1425,0.147327808073
2017_1388_1423,0.197716679616
2017_1388_1407,0.0878484693427
2017_1388_1452,0.177411519851
2017_1388_1435,0.0768062518507
2017_1388_1433,0.0890719868281
2017_1388_1462,0.101646906263
2017_1388_1436,0.086247882882
2017_1388_1413,0.0647495024288
2017_1388_1417,0.313935215179
2017_1388_1455,0.302687257539
2017_1388_1448,0.150741140838
2017_1388_1457,0.146304820281
2017_1388_1411,0.0581149823715
2017_1321_1437,0.804679216112
2017_1321_1438,0.521755113019
2017_1321_1374,0.67383111779
2017_1321_1376,0.4135174289
2017_1321_1458,0.488254905186
2017_1321_1439,0.436142804768
2017_1321_1344,0.297768271514
2017_1321_1425,0.415001101117
2017_1321_1423,0.447565559709
2017_1321_1407,0.325407287605
2017_1321_1452,0.59316540767
2017_1321_1323,0.491826974654
2017_1321_1388,0.677501709471
2017_1321_1435,0.283587651929
2017_1321_1433,0.472542066186
2017_1321_1462,0.323327814534
2017_1321_1343,0.399649902677
2017_1321_1355,0.289510938511
2017_1321_1332,0.762832526015
2017_1321_1345,0.614918133097
2017_1321_1329,0.573896254293
2017_1321_1348,0.452070044063
2017_1321_1436,0.528723684419
2017_1321_1413,0.295215421654
2017_1321_1417,0.619641530045
2017_1321_1371,0.312034941827
2017_1321_1455,0.747646438379
2017_1321_1448,0.421725898092
2017_1321_1457,0.431820812474
2017_1321_1411,0.269841575866
2017_1435_1437,0.85927131283
2017_1435_1438,0.765684276569
2017_1435_1458,0.739470636042
2017_1435_1439,0.66175502241
2017_1435_1452,0.781892974669
2017_1435_1462,0.571020844684
2017_1435_1436,0.669057936286
2017_1435_1455,0.850369968065
2017_1435_1448,0.638508580504
2017_1435_1457,0.723322486855
2017_1433_1437,0.695329198453
2017_1433_1438,0.379897859741
2017_1433_1458,0.359410580055
2017_1433_1439,0.279513512875
2017_1433_1452,0.519977180271
2017_1433_1435,0.179914003151
2017_1433_1462,0.182202928503
2017_1433_1436,0.33665702956
2017_1433_1455,0.698034513371
2017_1433_1448,0.329096945543
2017_1433_1457,0.346777893095
2017_1343_1437,0.787857096763
2017_1343_1438,0.508356939833
2017_1343_1374,0.572968023726
2017_1343_1376,0.36301636035
2017_1343_1458,0.467131982612
2017_1343_1439,0.482205954195
2017_1343_1344,0.344116798507
2017_1343_1425,0.498605520427
2017_1343_1423,0.544075344371
2017_1343_1407,0.351488911208
2017_1343_1452,0.598110295724
2017_1343_1388,0.544175470847
2017_1343_1435,0.325486769962
2017_1343_1433,0.429825756151
2017_1343_1462,0.337469472455
2017_1343_1355,0.308224075989
2017_1343_1345,0.616732666523
2017_1343_1348,0.434625814035
2017_1343_1436,0.389425348018
2017_1343_1413,0.293397631438
2017_1343_1417,0.592554925454
2017_1343_1371,0.355021444057
2017_1343_1455,0.689771964593
2017_1343_1448,0.458882879325
2017_1343_1457,0.497644079414
2017_1343_1411,0.280687350253
2017_1137_1437,0.763319330177
2017_1137_1181,0.583219169077
2017_1137_1196,0.629016364899
2017_1137_1438,0.562345454852
2017_1137_1374,0.573539430646
2017_1137_1376,0.417674951759
2017_1137_1458,0.530956330602
2017_1137_1439,0.532180607602
2017_1137_1266,0.572195843772
2017_1137_1344,0.354575659249
2017_1137_1425,0.562193214535
2017_1137_1423,0.575159907963
2017_1137_1190,0.60799621784
2017_1137_1308,0.526033701137
2017_1137_1407,0.428412868425
2017_1137_1291,0.267791441804
2017_1137_1309,0.274963153802
2017_1137_1211,0.75654567307
2017_1137_1199,0.641097296357
2017_1137_1452,0.620478576366
2017_1137_1323,0.577171794753
2017_1137_1268,0.382689642814
2017_1137_1388,0.538507073926
2017_1137_1321,0.421451587939
2017_1137_1435,0.352913680838
2017_1137_1433,0.499721291919
2017_1137_1462,0.428298155204
2017_1137_1343,0.447597345627
2017_1137_1195,0.520349858868
2017_1137_1315,0.516348580102
2017_1137_1355,0.373595663727
2017_1137_1242,0.642274350799
2017_1137_1257,0.602921222965
2017_1137_1332,0.725794985249
2017_1137_1345,0.64342015461
2017_1137_1235,0.54757594262
2017_1137_1166,0.520239108815
2017_1137_1276,0.442677586379
2017_1137_1274,0.423096717229
2017_1137_1277,0.387877051123
2017_1137_1329,0.673715677695
2017_1137_1348,0.504611104177
2017_1137_1305,0.559150781928
2017_1137_1436,0.422097385214
2017_1137_1233,0.533877778491
2017_1137_1240,0.346896023318
2017_1137_1300,0.48989561098
2017_1137_1413,0.328810198915
2017_1137_1314,0.656518018682
2017_1137_1246,0.645671232316
2017_1137_1417,0.585166342256
2017_1137_1139,0.574202438805
2017_1137_1278,0.503755387154
2017_1137_1153,0.554281380258
2017_1137_1173,0.55771351234
2017_1137_1371,0.418782769668
2017_1137_1455,0.713181135212
2017_1137_1243,0.380311600618
2017_1137_1448,0.507877590704
2017_1137_1292,0.496826263376
2017_1137_1457,0.561246410022
2017_1137_1245,0.391702025308
2017_1137_1297,0.422190413588
2017_1137_1411,0.360250951391
2017_1195_1437,0.904626939432
2017_1195_1196,0.664526376309
2017_1195_1438,0.601462533613
2017_1195_1374,0.813555908132
2017_1195_1376,0.395681353056
2017_1195_1458,0.581871978281
2017_1195_1439,0.44546918971
2017_1195_1266,0.555455901112
2017_1195_1344,0.248929301754
2017_1195_1425,0.480711364088
2017_1195_1423,0.517194576291
2017_1195_1308,0.547897728875
2017_1195_1407,0.36220565379
2017_1195_1291,0.160760629829
2017_1195_1309,0.179833072858
2017_1195_1211,0.88225313316
2017_1195_1199,0.640855181823
2017_1195_1452,0.773378284463
2017_1195_1323,0.621427480732
2017_1195_1268,0.330896283592
2017_1195_1388,0.788426972607
2017_1195_1321,0.426639922034
2017_1195_1435,0.315326597695
2017_1195_1433,0.624854347776
2017_1195_1462,0.340732365554
2017_1195_1343,0.492632473393
2017_1195_1315,0.397945235019
2017_1195_1355,0.261352918004
2017_1195_1242,0.745976062265
2017_1195_1257,0.728604985711
2017_1195_1332,0.876614127125
2017_1195_1345,0.786921468506
2017_1195_1235,0.476264084797
2017_1195_1276,0.372440500144
2017_1195_1274,0.419321121179
2017_1195_1277,0.351421763219
2017_1195_1329,0.701280481722
2017_1195_1348,0.544592907644
2017_1195_1305,0.653800659085
2017_1195_1436,0.628653080251
2017_1195_1233,0.416923748527
2017_1195_1240,0.24547625246
2017_1195_1300,0.539357254601
2017_1195_1413,0.254452976061
2017_1195_1314,0.800178861719
2017_1195_1246,0.820683971147
2017_1195_1417,0.715544507959
2017_1195_1278,0.535431674502
2017_1195_1371,0.34326800436
2017_1195_1455,0.882138904919
2017_1195_1243,0.343130481845
2017_1195_1448,0.50495594779
2017_1195_1292,0.671065145106
2017_1195_1457,0.553919236485
2017_1195_1245,0.33614410712
2017_1195_1297,0.328372581158
2017_1195_1411,0.298267969679
2017_1315_1437,0.878913879319
2017_1315_1438,0.704578424507
2017_1315_1374,0.756295115006
2017_1315_1376,0.503994350015
2017_1315_1458,0.697117609336
2017_1315_1439,0.604536580774
2017_1315_1344,0.436579506535
2017_1315_1425,0.631160665192
2017_1315_1423,0.643380440861
2017_1315_1407,0.496322622717
2017_1315_1452,0.752579420502
2017_1315_1323,0.664354955709
2017_1315_1388,0.729186825959
2017_1315_1321,0.570585093337
2017_1315_1435,0.448208126301
2017_1315_1433,0.659806898645
2017_1315_1462,0.500800012245
2017_1315_1343,0.632461998623
2017_1315_1355,0.372229631099
2017_1315_1332,0.814161533045
2017_1315_1345,0.762595498071
2017_1315_1329,0.743501048426
2017_1315_1348,0.664183499559
2017_1315_1436,0.62702418052
2017_1315_1413,0.38099293727
2017_1315_1417,0.677098660477
2017_1315_1371,0.526946537131
2017_1315_1455,0.848320351392
2017_1315_1448,0.586588764122
2017_1315_1457,0.668166462126
2017_1315_1411,0.452362999212
2017_1355_1437,0.891538893066
2017_1355_1438,0.738472364096
2017_1355_1374,0.83657404377
2017_1355_1376,0.590994596921
2017_1355_1458,0.733265413835
2017_1355_1439,0.60206388125
2017_1355_1425,0.618442772169
2017_1355_1423,0.654823114408
2017_1355_1407,0.501854054694
2017_1355_1452,0.800753219977
2017_1355_1388,0.81004338407
2017_1355_1435,0.51338442938
2017_1355_1433,0.748155498084
2017_1355_1462,0.524070943512
2017_1355_1436,0.72415397315
2017_1355_1413,0.465830152634
2017_1355_1417,0.724418428663
2017_1355_1371,0.584153888963
2017_1355_1455,0.878156090634
2017_1355_1448,0.585914536344
2017_1355_1457,0.688163035274
2017_1355_1411,0.471567721071
2017_1242_1437,0.514082850477
2017_1242_1438,0.219907040544
2017_1242_1374,0.252330259976
2017_1242_1376,0.153743999286
2017_1242_1458,0.218188769976
2017_1242_1439,0.23018746094
2017_1242_1266,0.264473397551
2017_1242_1344,0.107119678749
2017_1242_1425,0.224612355047
2017_1242_1423,0.171640812786
2017_1242_1308,0.252526311063
2017_1242_1407,0.140241280705
2017_1242_1291,0.0675056401601
2017_1242_1309,0.0803212156986
2017_1242_1452,0.323222241278
2017_1242_1323,0.182701024668
2017_1242_1268,0.1270242535
2017_1242_1388,0.276650792
2017_1242_1321,0.177614763083
2017_1242_1435,0.128098548177
2017_1242_1433,0.194569273495
2017_1242_1462,0.142914113995
2017_1242_1343,0.171698279887
2017_1242_1315,0.203022532114
2017_1242_1355,0.134119541875
2017_1242_1257,0.292606814793
2017_1242_1332,0.387152720656
2017_1242_1345,0.317625626043
2017_1242_1276,0.111927903292
2017_1242_1274,0.179887439547
2017_1242_1277,0.145227295226
2017_1242_1329,0.327232217148
2017_1242_1348,0.193430985853
2017_1242_1305,0.265256615872
2017_1242_1436,0.179050346873
2017_1242_1300,0.210143657493
2017_1242_1413,0.109693604827
2017_1242_1314,0.310183604548
2017_1242_1246,0.278643955746
2017_1242_1417,0.277498832152
2017_1242_1278,0.196084771676
2017_1242_1371,0.149362712204
2017_1242_1455,0.359294073285
2017_1242_1243,0.157490172409
2017_1242_1448,0.175276956953
2017_1242_1292,0.259420149142
2017_1242_1457,0.253386984458
2017_1242_1245,0.125711746734
2017_1242_1297,0.137870462467
2017_1242_1411,0.119642378471
2017_1257_1437,0.622424192538
2017_1257_1438,0.213345790752
2017_1257_1374,0.393048408264
2017_1257_1376,0.159921745295
2017_1257_1458,0.207664042586
2017_1257_1439,0.172820768744
2017_1257_1266,0.248585954134
2017_1257_1344,0.0942254766752
2017_1257_1425,0.211324833255
2017_1257_1423,0.22155009018
2017_1257_1308,0.191061961047
2017_1257_1407,0.125212409432
2017_1257_1291,0.0738473533474
2017_1257_1309,0.0806832268894
2017_1257_1452,0.367700711132
2017_1257_1323,0.268445867719
2017_1257_1268,0.104275699291
2017_1257_1388,0.35610044031
2017_1257_1321,0.122264048853
2017_1257_1435,0.0980203104374
2017_1257_1433,0.231215485971
2017_1257_1462,0.109980579591
2017_1257_1343,0.146047440952
2017_1257_1315,0.164309877234
2017_1257_1355,0.09989641226
2017_1257_1332,0.680475185112
2017_1257_1345,0.388085519013
2017_1257_1276,0.112939185985
2017_1257_1274,0.121050399703
2017_1257_1277,0.120902140395
2017_1257_1329,0.349373427959
2017_1257_1348,0.190833581287
2017_1257_1305,0.285919637746
2017_1257_1436,0.203770653312
2017_1257_1300,0.181908428119
2017_1257_1413,0.104010446814
2017_1257_1314,0.425945502637
2017_1257_1417,0.357468389576
2017_1257_1278,0.305685082735
2017_1257_1371,0.11099499064
2017_1257_1455,0.567004883241
2017_1257_1448,0.194376999616
2017_1257_1292,0.244321283731
2017_1257_1457,0.210684575037
2017_1257_1297,0.104662290151
2017_1257_1411,0.0899441779172
2017_1332_1437,0.315333897729
2017_1332_1438,0.10242859555
2017_1332_1374,0.0893853026853
2017_1332_1376,0.0692246218318
2017_1332_1458,0.076017798589
2017_1332_1439,0.118355341592
2017_1332_1344,0.0509142098824
2017_1332_1425,0.111823319057
2017_1332_1423,0.115658585793
2017_1332_1407,0.0616018085309
2017_1332_1452,0.148058677502
2017_1332_1388,0.110934995251
2017_1332_1435,0.0453860974345
2017_1332_1433,0.0699570963234
2017_1332_1462,0.0647918038509
2017_1332_1343,0.0630479221801
2017_1332_1355,0.06367569557
2017_1332_1345,0.133130026748
2017_1332_1348,0.0708413972269
2017_1332_1436,0.0814971402311
2017_1332_1413,0.0433657150592
2017_1332_1417,0.183679443421
2017_1332_1371,0.0641004218989
2017_1332_1455,0.160071535562
2017_1332_1448,0.0866065474487
2017_1332_1457,0.100910112683
2017_1332_1411,0.055671438745
2017_1345_1437,0.403005025706
2017_1345_1438,0.184878049413
2017_1345_1374,0.204053232719
2017_1345_1376,0.109856837723
2017_1345_1458,0.149140026369
2017_1345_1439,0.240097770678
2017_1345_1425,0.188432531058
2017_1345_1423,0.205339507653
2017_1345_1407,0.115687936474
2017_1345_1452,0.183622687186
2017_1345_1388,0.188143626771
2017_1345_1435,0.105640396452
2017_1345_1433,0.132338160574
2017_1345_1462,0.122228488156
2017_1345_1355,0.115927915328
2017_1345_1348,0.134600302745
2017_1345_1436,0.113391102877
2017_1345_1413,0.100258094592
2017_1345_1417,0.253717204047
2017_1345_1371,0.116880783538
2017_1345_1455,0.310838948104
2017_1345_1448,0.222642974494
2017_1345_1457,0.206704127583
2017_1345_1411,0.0746976250738
2017_1235_1437,0.824388824024
2017_1235_1438,0.552554792548
2017_1235_1374,0.665594116772
2017_1235_1376,0.367137078384
2017_1235_1458,0.539037925072
2017_1235_1439,0.482262633183
2017_1235_1266,0.561912013321
2017_1235_1344,0.297912856868
2017_1235_1425,0.486742003145
2017_1235_1423,0.522294715554
2017_1235_1308,0.540342379656
2017_1235_1407,0.366151318285
2017_1235_1291,0.166596229615
2017_1235_1309,0.182489719794
2017_1235_1452,0.670803583611
2017_1235_1323,0.536504497993
2017_1235_1268,0.328710312335
2017_1235_1388,0.620064232
2017_1235_1321,0.418141338241
2017_1235_1435,0.311282317022
2017_1235_1433,0.496323670768
2017_1235_1462,0.38008216436
2017_1235_1343,0.455642689601
2017_1235_1315,0.457394719065
2017_1235_1355,0.287335143972
2017_1235_1242,0.651229366535
2017_1235_1257,0.613641822336
2017_1235_1332,0.770268846128
2017_1235_1345,0.711217045025
2017_1235_1276,0.416984337353
2017_1235_1274,0.419782921607
2017_1235_1277,0.375659751476
2017_1235_1329,0.704103288284
2017_1235_1348,0.50121354515
2017_1235_1305,0.563869047922
2017_1235_1436,0.433109736239
2017_1235_1240,0.252194772059
2017_1235_1300,0.498015809431
2017_1235_1413,0.268851977727
2017_1235_1314,0.705938634506
2017_1235_1246,0.676290700704
2017_1235_1417,0.600173516515
2017_1235_1278,0.517826072095
2017_1235_1371,0.388026662648
2017_1235_1455,0.793867654305
2017_1235_1243,0.385189003927
2017_1235_1448,0.483610774889
2017_1235_1292,0.534547146711
2017_1235_1457,0.53697595819
2017_1235_1245,0.34379415255
2017_1235_1297,0.370284574636
2017_1235_1411,0.309067831736
2017_1166_1437,0.836439564398
2017_1166_1181,0.631676591002
2017_1166_1196,0.646104695852
2017_1166_1438,0.591948748604
2017_1166_1374,0.661286085247
2017_1166_1376,0.378647853716
2017_1166_1458,0.538089296861
2017_1166_1439,0.573080887741
2017_1166_1266,0.610349616142
2017_1166_1344,0.311658830238
2017_1166_1425,0.555277465762
2017_1166_1423,0.587112699313
2017_1166_1190,0.611223921313
2017_1166_1308,0.595173716064
2017_1166_1407,0.422258322408
2017_1166_1291,0.176987330246
2017_1166_1309,0.213961023891
2017_1166_1211,0.791684218869
2017_1166_1199,0.693674430966
2017_1166_1452,0.691024866951
2017_1166_1323,0.572385583911
2017_1166_1268,0.391988299173
2017_1166_1388,0.675968294504
2017_1166_1321,0.437772093386
2017_1166_1435,0.372223748685
2017_1166_1433,0.527777936611
2017_1166_1462,0.458409428674
2017_1166_1343,0.495783059615
2017_1166_1195,0.496634889763
2017_1166_1315,0.533517486747
2017_1166_1355,0.350624158279
2017_1166_1242,0.673278108682
2017_1166_1257,0.612736422749
2017_1166_1332,0.741579812039
2017_1166_1345,0.759270572034
2017_1166_1235,0.518602923014
2017_1166_1276,0.494492959176
2017_1166_1274,0.439432541412
2017_1166_1277,0.395489305262
2017_1166_1329,0.78680342022
2017_1166_1348,0.532649984578
2017_1166_1305,0.629935769035
2017_1166_1436,0.426084299861
2017_1166_1233,0.506520140658
2017_1166_1240,0.268307859203
2017_1166_1300,0.487112401142
2017_1166_1413,0.292983591304
2017_1166_1314,0.772675865192
2017_1166_1246,0.666421355873
2017_1166_1417,0.622250036751
2017_1166_1278,0.543757155436
2017_1166_1173,0.588494311623
2017_1166_1371,0.439080930744
2017_1166_1455,0.815101298349
2017_1166_1243,0.425045640045
2017_1166_1448,0.593485114291
2017_1166_1292,0.55420443967
2017_1166_1457,0.58858589943
2017_1166_1245,0.397046687014
2017_1166_1297,0.42257503485
2017_1166_1411,0.361415234454
2017_1276_1437,0.826164739896
2017_1276_1438,0.585267233388
2017_1276_1374,0.696525976969
2017_1276_1376,0.340076706847
2017_1276_1458,0.568660984228
2017_1276_1439,0.484397003007
2017_1276_1344,0.301620890419
2017_1276_1425,0.485086037443
2017_1276_1423,0.557250028555
2017_1276_1308,0.551423172685
2017_1276_1407,0.365959601899
2017_1276_1291,0.160169503463
2017_1276_1309,0.179424591327
2017_1276_1452,0.664393406642
2017_1276_1323,0.575883640808
2017_1276_1388,0.653012012377
2017_1276_1321,0.447571395291
2017_1276_1435,0.348148992455
2017_1276_1433,0.496222788364
2017_1276_1462,0.369119549487
2017_1276_1343,0.488886515343
2017_1276_1315,0.428073242207
2017_1276_1355,0.276028482022
2017_1276_1332,0.781046145443
2017_1276_1345,0.700923001372
2017_1276_1277,0.383167966277
2017_1276_1329,0.715336428588
2017_1276_1348,0.501112657687
2017_1276_1305,0.58195194865
2017_1276_1436,0.4661172696
2017_1276_1300,0.494483605396
2017_1276_1413,0.265764034672
2017_1276_1314,0.695150552188
2017_1276_1417,0.626113127104
2017_1276_1278,0.513318181897
2017_1276_1371,0.389598106213
2017_1276_1455,0.793671284215
2017_1276_1448,0.501543367071
2017_1276_1292,0.552006817513
2017_1276_1457,0.559334437509
2017_1276_1297,0.390910185269
2017_1276_1411,0.296819881078
2017_1274_1437,0.841407831854
2017_1274_1438,0.59253321024
2017_1274_1374,0.708159629295
2017_1274_1376,0.497928622986
2017_1274_1458,0.572613588526
2017_1274_1439,0.460055615864
2017_1274_1344,0.370337068582
2017_1274_1425,0.514827087242
2017_1274_1423,0.528018890183
2017_1274_1308,0.508851840519
2017_1274_1407,0.402436485303
2017_1274_1291,0.304234223566
2017_1274_1309,0.301029364935
2017_1274_1452,0.652126160567
2017_1274_1323,0.576108035916
2017_1274_1388,0.669029662733
2017_1274_1321,0.415912403175
2017_1274_1435,0.345390640798
2017_1274_1433,0.56058834658
2017_1274_1462,0.377759673837
2017_1274_1343,0.483153263908
2017_1274_1315,0.428823797628
2017_1274_1355,0.343687540051
2017_1274_1332,0.799201285625
2017_1274_1345,0.650703064741
2017_1274_1276,0.412265075512
2017_1274_1277,0.37003589489
2017_1274_1329,0.63699885982
2017_1274_1348,0.540208533616
2017_1274_1305,0.537156837302
2017_1274_1436,0.55671234013
2017_1274_1300,0.514193602656
2017_1274_1413,0.353151169599
2017_1274_1314,0.680936190341
2017_1274_1417,0.616415575435
2017_1274_1278,0.552893392267
2017_1274_1371,0.378432815487
2017_1274_1455,0.792067090803
2017_1274_1448,0.474213937179
2017_1274_1292,0.60125726519
2017_1274_1457,0.519013046544
2017_1274_1297,0.385454908644
2017_1274_1411,0.34480949038
2017_1277_1437,0.870425264024
2017_1277_1438,0.778530063945
2017_1277_1374,0.810344724889
2017_1277_1376,0.575554646629
2017_1277_1458,0.753290477654
2017_1277_1439,0.685801304631
2017_1277_1344,0.514968247862
2017_1277_1425,0.69782542757
2017_1277_1423,0.708855381698
2017_1277_1308,0.74546868453
2017_1277_1407,0.597238127237
2017_1277_1291,0.292634103783
2017_1277_1309,0.347762296815
2017_1277_1452,0.803572271799
2017_1277_1323,0.727609369804
2017_1277_1388,0.787559803828
2017_1277_1321,0.664073534879
2017_1277_1435,0.544881688522
2017_1277_1433,0.714891734927
2017_1277_1462,0.593143046574
2017_1277_1343,0.682031011011
2017_1277_1315,0.633956885837
2017_1277_1355,0.447666333693
2017_1277_1332,0.836095963807
2017_1277_1345,0.823667192856
2017_1277_1329,0.755911862835
2017_1277_1348,0.718861624894
2017_1277_1305,0.732701397463
2017_1277_1436,0.685021885085
2017_1277_1300,0.717611777156
2017_1277_1413,0.444207665964
2017_1277_1314,0.825378909377
2017_1277_1417,0.745060226404
2017_1277_1278,0.692403101269
2017_1277_1371,0.586850426832
2017_1277_1455,0.866882234952
2017_1277_1448,0.672074703065
2017_1277_1292,0.737631276356
2017_1277_1457,0.749728681282
2017_1277_1297,0.600988133896
2017_1277_1411,0.519270173971
2017_1329_1437,0.867445645986
2017_1329_1438,0.66529848678
2017_1329_1374,0.738879867428
2017_1329_1376,0.477991619675
2017_1329_1458,0.670775904475
2017_1329_1439,0.504218884951
2017_1329_1344,0.419085098174
2017_1329_1425,0.546171531238
2017_1329_1423,0.612890201465
2017_1329_1407,0.43457559445
2017_1329_1452,0.706187354274
2017_1329_1388,0.71851250106
2017_1329_1435,0.450662756337
2017_1329_1433,0.609687458175
2017_1329_1462,0.429412801889
2017_1329_1343,0.610549360451
2017_1329_1355,0.312732455655
2017_1329_1332,0.808396301248
2017_1329_1345,0.705363265175
2017_1329_1348,0.614331958281
2017_1329_1436,0.584665752036
2017_1329_1413,0.38500424407
2017_1329_1417,0.647707536131
2017_1329_1371,0.488483387618
2017_1329_1455,0.80168073331
2017_1329_1448,0.524058724536
2017_1329_1457,0.619914538079
2017_1329_1411,0.398532855084
2017_1348_1437,0.793378899825
2017_1348_1438,0.432552142605
2017_1348_1374,0.543767204794
2017_1348_1376,0.327925298991
2017_1348_1458,0.342380131755
2017_1348_1439,0.266730774073
2017_1348_1425,0.339548115473
2017_1348_1423,0.404569635532
2017_1348_1407,0.215910073725
2017_1348_1452,0.59563039494
2017_1348_1388,0.513291824169
2017_1348_1435,0.176454544189
2017_1348_1433,0.376265894595
2017_1348_1462,0.194271107006
2017_1348_1355,0.180462828783
2017_1348_1436,0.418371132106
2017_1348_1413,0.168408460349
2017_1348_1417,0.540831057688
2017_1348_1371,0.192482442437
2017_1348_1455,0.698337000799
2017_1348_1448,0.321752747256
2017_1348_1457,0.329486031727
2017_1348_1411,0.215809522286
2017_1305_1437,0.758873538232
2017_1305_1438,0.450965626817
2017_1305_1374,0.573279160997
2017_1305_1376,0.297789786616
2017_1305_1458,0.448147770446
2017_1305_1439,0.420606020885
2017_1305_1344,0.216954048503
2017_1305_1425,0.444367066555
2017_1305_1423,0.431562306555
2017_1305_1308,0.4898626628
2017_1305_1407,0.302599456123
2017_1305_1309,0.17328488885
2017_1305_1452,0.578343999608
2017_1305_1323,0.45026727694
2017_1305_1388,0.524165919959
2017_1305_1321,0.350776415611
2017_1305_1435,0.2467161807
2017_1305_1433,0.406287772858
2017_1305_1462,0.304460816218
2017_1305_1343,0.339601013317
2017_1305_1315,0.391355283107
2017_1305_1355,0.218561062172
2017_1305_1332,0.717586642062
2017_1305_1345,0.633939790962
2017_1305_1329,0.643722731069
2017_1305_1348,0.411014455583
2017_1305_1436,0.31719263342
2017_1305_1413,0.226338573015
2017_1305_1314,0.645630304399
2017_1305_1417,0.534225540984
2017_1305_1371,0.313050856012
2017_1305_1455,0.719891671093
2017_1305_1448,0.43524809676
2017_1305_1457,0.487570993974
2017_1305_1411,0.240871220292
2017_1436_1437,0.698749338072
2017_1436_1438,0.249713425232
2017_1436_1458,0.234007259205
2017_1436_1439,0.223666942146
2017_1436_1452,0.449843681471
2017_1436_1462,0.128443079549
2017_1436_1455,0.676470538057
2017_1436_1448,0.265471937845
2017_1436_1457,0.24686162244
2017_1233_1437,0.838504766619
2017_1233_1438,0.602431366266
2017_1233_1374,0.685818640041
2017_1233_1376,0.389702746622
2017_1233_1458,0.58147007866
2017_1233_1439,0.538061080567
2017_1233_1266,0.575896956634
2017_1233_1344,0.345175543936
2017_1233_1425,0.514034716205
2017_1233_1423,0.560386371812
2017_1233_1308,0.567318529594
2017_1233_1407,0.374185182761
2017_1233_1291,0.192804543308
2017_1233_1309,0.205428517194
2017_1233_1452,0.681969664766
2017_1233_1323,0.578987713287
2017_1233_1268,0.367796173904
2017_1233_1388,0.650861721791
2017_1233_1321,0.460565300232
2017_1233_1435,0.364470358244
2017_1233_1433,0.535851984736
2017_1233_1462,0.391958395138
2017_1233_1343,0.506677284167
2017_1233_1315,0.477900199466
2017_1233_1355,0.327568781298
2017_1233_1242,0.671894395962
2017_1233_1257,0.653619505318
2017_1233_1332,0.786196286248
2017_1233_1345,0.709254775588
2017_1233_1235,0.525346835317
2017_1233_1276,0.467406848276
2017_1233_1274,0.470580620977
2017_1233_1277,0.387369940319
2017_1233_1329,0.754972183494
2017_1233_1348,0.54071322235
2017_1233_1305,0.58096713738
2017_1233_1436,0.483863863233
2017_1233_1240,0.264473004746
2017_1233_1300,0.514035311262
2017_1233_1413,0.295536053997
2017_1233_1314,0.700012268161
2017_1233_1246,0.687065641119
2017_1233_1417,0.598749520274
2017_1233_1278,0.557172499166
2017_1233_1371,0.43788166732
2017_1233_1455,0.784332922358
2017_1233_1243,0.397122583613
2017_1233_1448,0.535744547178
2017_1233_1292,0.577068340849
2017_1233_1457,0.572212143182
2017_1233_1245,0.358551110917
2017_1233_1297,0.411285141237
2017_1233_1411,0.327203856431
2017_1240_1437,0.886223937146
2017_1240_1438,0.825215225315
2017_1240_1374,0.889141259427
2017_1240_1376,0.673482753897
2017_1240_1458,0.805028521223
2017_1240_1439,0.733155552454
2017_1240_1266,0.751300147044
2017_1240_1344,0.565586849543
2017_1240_1425,0.748271029946
2017_1240_1423,0.758097932746
2017_1240_1308,0.787335082754
2017_1240_1407,0.65967075231
2017_1240_1291,0.403767936639
2017_1240_1309,0.454076329955
2017_1240_1452,0.859661994596
2017_1240_1323,0.791980196101
2017_1240_1268,0.640688289808
2017_1240_1388,0.874355051023
2017_1240_1321,0.717875724699
2017_1240_1435,0.61281309883
2017_1240_1433,0.789676245194
2017_1240_1462,0.642126320214
2017_1240_1343,0.742325254998
2017_1240_1315,0.687024795732
2017_1240_1355,0.550728563972
2017_1240_1242,0.847103295375
2017_1240_1257,0.853611400692
2017_1240_1332,0.906980453132
2017_1240_1345,0.862829239922
2017_1240_1276,0.687326321463
2017_1240_1274,0.722505914782
2017_1240_1277,0.635946283353
2017_1240_1329,0.726216592831
2017_1240_1348,0.775669658516
2017_1240_1305,0.796205925253
2017_1240_1436,0.805021482227
2017_1240_1300,0.774593170741
2017_1240_1413,0.54084376478
2017_1240_1314,0.876386594843
2017_1240_1246,0.900650947386
2017_1240_1417,0.814249416478
2017_1240_1278,0.75271837347
2017_1240_1371,0.647987020427
2017_1240_1455,0.925636605465
2017_1240_1243,0.658662970561
2017_1240_1448,0.745617952624
2017_1240_1292,0.83954227268
2017_1240_1457,0.799492257237
2017_1240_1245,0.620132318157
2017_1240_1297,0.649584894476
2017_1240_1411,0.589785108578
2017_1300_1437,0.813386285352
2017_1300_1438,0.538053565601
2017_1300_1374,0.682780576124
2017_1300_1376,0.413299500072
2017_1300_1458,0.516481237056
2017_1300_1439,0.46388228665
2017_1300_1344,0.308556479291
2017_1300_1425,0.488740145739
2017_1300_1423,0.53426895706
2017_1300_1308,0.446666186588
2017_1300_1407,0.363170492212
2017_1300_1309,0.258829590108
2017_1300_1452,0.652511259719
2017_1300_1323,0.529462533306
2017_1300_1388,0.656959222762
2017_1300_1321,0.362125658641
2017_1300_1435,0.299665715437
2017_1300_1433,0.504244007005
2017_1300_1462,0.350730949001
2017_1300_1343,0.434941059026
2017_1300_1315,0.430589455839
2017_1300_1355,0.311355866151
2017_1300_1332,0.809334167153
2017_1300_1345,0.672654717909
2017_1300_1329,0.613949823892
2017_1300_1348,0.483657935645
2017_1300_1305,0.558526665777
2017_1300_1436,0.503853363132
2017_1300_1413,0.292385954282
2017_1300_1314,0.714895457896
2017_1300_1417,0.648246616039
2017_1300_1371,0.34626707003
2017_1300_1455,0.782417569389
2017_1300_1448,0.449757169311
2017_1300_1457,0.483499027546
2017_1300_1411,0.294821259236
2017_1413_1437,0.845612521839
2017_1413_1438,0.79106409799
2017_1413_1458,0.746189384164
2017_1413_1439,0.676632813272
2017_1413_1425,0.728525604043
2017_1413_1423,0.738854308113
2017_1413_1452,0.794131380303
2017_1413_1435,0.612896059239
2017_1413_1433,0.736803173051
2017_1413_1462,0.603383615533
2017_1413_1436,0.751712848402
2017_1413_1417,0.81085433727
2017_1413_1455,0.89314718874
2017_1413_1448,0.705197985282
2017_1413_1457,0.749882982821
2017_1314_1437,0.395149997021
2017_1314_1438,0.179629212587
2017_1314_1374,0.35621559548
2017_1314_1376,0.107243865282
2017_1314_1458,0.165028017114
2017_1314_1439,0.0996141435022
2017_1314_1344,0.0696473366797
2017_1314_1425,0.0946676204579
2017_1314_1423,0.10642824014
2017_1314_1407,0.106745262027
2017_1314_1452,0.171629208783
2017_1314_1323,0.14172203131
2017_1314_1388,0.312595989228
2017_1314_1321,0.104914984918
2017_1314_1435,0.0888466123069
2017_1314_1433,0.164922279952
2017_1314_1462,0.108591603008
2017_1314_1343,0.117543971548
2017_1314_1315,0.0819771285609
2017_1314_1355,0.0575015612968
2017_1314_1332,0.448030641634
2017_1314_1345,0.256338771509
2017_1314_1329,0.173217427962
2017_1314_1348,0.134098944742
2017_1314_1436,0.176088808818
2017_1314_1413,0.0899026994048
2017_1314_1417,0.206137651092
2017_1314_1371,0.100405019044
2017_1314_1455,0.322024175224
2017_1314_1448,0.100364228468
2017_1314_1457,0.107935484127
2017_1314_1411,0.0700845026196
2017_1246_1437,0.536259539878
2017_1246_1438,0.159629065547
2017_1246_1374,0.311214827041
2017_1246_1376,0.123957933488
2017_1246_1458,0.166042807077
2017_1246_1439,0.152945654756
2017_1246_1266,0.199244160054
2017_1246_1344,0.0719761047755
2017_1246_1425,0.181681676059
2017_1246_1423,0.190246547559
2017_1246_1308,0.144242675287
2017_1246_1407,0.100245538272
2017_1246_1291,0.0645011304291
2017_1246_1309,0.0753058927013
2017_1246_1452,0.310428384298
2017_1246_1323,0.229148814654
2017_1246_1268,0.0830870158717
2017_1246_1388,0.270787883725
2017_1246_1321,0.0904191396536
2017_1246_1435,0.0754502707119
2017_1246_1433,0.185981914751
2017_1246_1462,0.101585210598
2017_1246_1343,0.113089190231
2017_1246_1315,0.155947998034
2017_1246_1355,0.0973205046733
2017_1246_1257,0.274831272479
2017_1246_1332,0.612662854278
2017_1246_1345,0.342187488735
2017_1246_1276,0.0956363822131
2017_1246_1274,0.0947136544684
2017_1246_1277,0.0948131364629
2017_1246_1329,0.310793165341
2017_1246_1348,0.151938746885
2017_1246_1305,0.237612359306
2017_1246_1436,0.14711909814
2017_1246_1300,0.136952447595
2017_1246_1413,0.077885598278
2017_1246_1314,0.37075429233
2017_1246_1417,0.30344109093
2017_1246_1278,0.235137753547
2017_1246_1371,0.106337664033
2017_1246_1455,0.493051534621
2017_1246_1448,0.157390060833
2017_1246_1292,0.217441544022
2017_1246_1457,0.160007930092
2017_1246_1297,0.0966288167749
2017_1246_1411,0.0756933271888
2017_1417_1437,0.270121451413
2017_1417_1438,0.219784312891
2017_1417_1458,0.177148369677
2017_1417_1439,0.118603407788
2017_1417_1425,0.18969083625
2017_1417_1423,0.117746775472
2017_1417_1452,0.189864006312
2017_1417_1435,0.144057532046
2017_1417_1433,0.163704839831
2017_1417_1462,0.197042697218
2017_1417_1436,0.118648503332
2017_1417_1455,0.242857450976
2017_1417_1448,0.132029891515
2017_1417_1457,0.174740186565
2017_1139_1437,0.860604283382
2017_1139_1181,0.604031866257
2017_1139_1196,0.680177226976
2017_1139_1438,0.623181001077
2017_1139_1374,0.720865111765
2017_1139_1376,0.415162161955
2017_1139_1458,0.607073656572
2017_1139_1439,0.538102970903
2017_1139_1266,0.622407014684
2017_1139_1344,0.355713719184
2017_1139_1425,0.554450692966
2017_1139_1423,0.590170014513
2017_1139_1190,0.655534044944
2017_1139_1308,0.611590985737
2017_1139_1407,0.421441917628
2017_1139_1291,0.201871253701
2017_1139_1309,0.215733940727
2017_1139_1211,0.821046508433
2017_1139_1199,0.705772697256
2017_1139_1452,0.727333192276
2017_1139_1323,0.608391796689
2017_1139_1268,0.391190791864
2017_1139_1388,0.688033825076
2017_1139_1321,0.487040336911
2017_1139_1435,0.371441887108
2017_1139_1433,0.565583015002
2017_1139_1462,0.427241766336
2017_1139_1343,0.528513183241
2017_1139_1195,0.53775555346
2017_1139_1315,0.501976301032
2017_1139_1355,0.310798188503
2017_1139_1242,0.709253705024
2017_1139_1257,0.677259157024
2017_1139_1332,0.813097235739
2017_1139_1345,0.760036195773
2017_1139_1235,0.550043817146
2017_1139_1166,0.569056704602
2017_1139_1276,0.47650422022
2017_1139_1274,0.488725215593
2017_1139_1277,0.426072408578
2017_1139_1329,0.756744500105
2017_1139_1348,0.570382519092
2017_1139_1305,0.629155096429
2017_1139_1436,0.505724478545
2017_1139_1233,0.505683416601
2017_1139_1240,0.293836538108
2017_1139_1300,0.557448480976
2017_1139_1413,0.315079934018
2017_1139_1314,0.768864363657
2017_1139_1246,0.726782824801
2017_1139_1417,0.664814670886
2017_1139_1278,0.581297848997
2017_1139_1153,0.660144511571
2017_1139_1173,0.62489329175
2017_1139_1371,0.439914298854
2017_1139_1455,0.820884957442
2017_1139_1243,0.435987454158
2017_1139_1448,0.551699847015
2017_1139_1292,0.590835473541
2017_1139_1457,0.605093064801
2017_1139_1245,0.40190349361
2017_1139_1297,0.423400722419
2017_1139_1411,0.360643033715
2017_1278_1437,0.798583901315
2017_1278_1438,0.572879988049
2017_1278_1374,0.659220780081
2017_1278_1376,0.477986802293
2017_1278_1458,0.506192144983
2017_1278_1439,0.375396757598
2017_1278_1344,0.341298579466
2017_1278_1425,0.487315082034
2017_1278_1423,0.556778408518
2017_1278_1308,0.409085535385
2017_1278_1407,0.326379843573
2017_1278_1291,0.257701807942
2017_1278_1309,0.300374536935
2017_1278_1452,0.706906651517
2017_1278_1323,0.582418991723
2017_1278_1388,0.621705952095
2017_1278_1321,0.335308583298
2017_1278_1435,0.264346278557
2017_1278_1433,0.502818196882
2017_1278_1462,0.297875425485
2017_1278_1343,0.480195001315
2017_1278_1315,0.392967417576
2017_1278_1355,0.266769530494
2017_1278_1332,0.808452488934
2017_1278_1345,0.609413664748
2017_1278_1329,0.611652909607
2017_1278_1348,0.48072401114
2017_1278_1305,0.523193842596
2017_1278_1436,0.518696099292
2017_1278_1300,0.424867972694
2017_1278_1413,0.237660354252
2017_1278_1314,0.682533088987
2017_1278_1417,0.64223482279
2017_1278_1371,0.309066750612
2017_1278_1455,0.783379919799
2017_1278_1448,0.427851216952
2017_1278_1292,0.517674912519
2017_1278_1457,0.448095014296
2017_1278_1297,0.287956273475
2017_1278_1411,0.34078106055
2017_1153_1437,0.45372897038
2017_1153_1181,0.189561829761
2017_1153_1196,0.183331225475
2017_1153_1438,0.117759345748
2017_1153_1374,0.243948562017
2017_1153_1376,0.0920117033487
2017_1153_1458,0.128752425311
2017_1153_1439,0.131750647989
2017_1153_1266,0.168984359931
2017_1153_1344,0.0539198416169
2017_1153_1425,0.132639398637
2017_1153_1423,0.157936713746
2017_1153_1190,0.178492860343
2017_1153_1308,0.113485460088
2017_1153_1407,0.0755201257668
2017_1153_1291,0.0436521591573
2017_1153_1309,0.0474347269209
2017_1153_1211,0.479706807625
2017_1153_1199,0.196962958979
2017_1153_1452,0.243000589435
2017_1153_1323,0.173161529993
2017_1153_1268,0.0623006871218
2017_1153_1388,0.212370333696
2017_1153_1321,0.0690274419767
2017_1153_1435,0.0583991646359
2017_1153_1433,0.134956776407
2017_1153_1462,0.0729489123017
2017_1153_1343,0.0834394409462
2017_1153_1195,0.119751890031
2017_1153_1315,0.109498083782
2017_1153_1355,0.0705804866354
2017_1153_1242,0.296508671518
2017_1153_1257,0.219540631131
2017_1153_1332,0.518733187767
2017_1153_1345,0.277858536669
2017_1153_1235,0.138913523469
2017_1153_1166,0.147113528555
2017_1153_1276,0.0761684132455
2017_1153_1274,0.0683011223807
2017_1153_1277,0.0754773710554
2017_1153_1329,0.259446578506
2017_1153_1348,0.112069582479
2017_1153_1305,0.19203911069
2017_1153_1436,0.110165875097
2017_1153_1233,0.117427793657
2017_1153_1240,0.0580816587608
2017_1153_1300,0.0963704766112
2017_1153_1413,0.0583613470842
2017_1153_1314,0.299467352547
2017_1153_1246,0.325913747714
2017_1153_1417,0.266728581756
2017_1153_1278,0.1859211572
2017_1153_1173,0.144152471301
2017_1153_1371,0.073650024743
2017_1153_1455,0.415683579619
2017_1153_1243,0.0595674905611
2017_1153_1448,0.130932960031
2017_1153_1292,0.146315074392
2017_1153_1457,0.124404398344
2017_1153_1245,0.0707267139693
2017_1153_1297,0.0681261345219
2017_1153_1411,0.0536674715045
2017_1173_1437,0.503709783935
2017_1173_1181,0.262526108541
2017_1173_1196,0.314666817849
2017_1173_1438,0.215647764986
2017_1173_1374,0.278201784824
2017_1173_1376,0.156127072526
2017_1173_1458,0.219304221783
2017_1173_1439,0.227378135577
2017_1173_1266,0.290324616615
2017_1173_1344,0.124118654349
2017_1173_1425,0.258012918601
2017_1173_1423,0.254957537739
2017_1173_1190,0.300809689881
2017_1173_1308,0.224330539588
2017_1173_1407,0.150878814927
2017_1173_1291,0.0862061638315
2017_1173_1309,0.0997092607359
2017_1173_1211,0.460901055244
2017_1173_1199,0.326015941265
2017_1173_1452,0.329631867687
2017_1173_1323,0.253333425233
2017_1173_1268,0.126269911198
2017_1173_1388,0.247644893234
2017_1173_1321,0.145167229815
2017_1173_1435,0.11769336778
2017_1173_1433,0.198638689863
2017_1173_1462,0.150818806808
2017_1173_1343,0.155803608665
2017_1173_1195,0.219149167302
2017_1173_1315,0.228478100096
2017_1173_1355,0.142509108334
2017_1173_1242,0.374105396553
2017_1173_1257,0.29137028167
2017_1173_1332,0.569905371351
2017_1173_1345,0.357096797892
2017_1173_1235,0.246845297263
2017_1173_1276,0.145268888342
2017_1173_1274,0.153971780427
2017_1173_1277,0.150800356102
2017_1173_1329,0.411970116478
2017_1173_1348,0.201770602387
2017_1173_1305,0.280797180023
2017_1173_1436,0.135162062828
2017_1173_1233,0.239783967851
2017_1173_1240,0.11669516346
2017_1173_1300,0.18292940018
2017_1173_1413,0.12130144193
2017_1173_1314,0.385108921671
2017_1173_1246,0.320173047537
2017_1173_1417,0.306110260586
2017_1173_1278,0.307139942804
2017_1173_1371,0.157960701544
2017_1173_1455,0.448965871788
2017_1173_1243,0.127902813926
2017_1173_1448,0.223346538958
2017_1173_1292,0.196801755563
2017_1173_1457,0.245518100726
2017_1173_1245,0.143579622669
2017_1173_1297,0.145543559125
2017_1173_1411,0.113680985453
2017_1116_1437,0.857079952323
2017_1116_1181,0.469132572231
2017_1116_1124,0.287685776157
2017_1116_1196,0.535568735325
2017_1116_1438,0.459540876863
2017_1116_1374,0.67495141813
2017_1116_1376,0.324668043114
2017_1116_1458,0.463214129624
2017_1116_1439,0.337215272074
2017_1116_1266,0.425978253885
2017_1116_1344,0.199636044244
2017_1116_1425,0.346299919708
2017_1116_1423,0.389654015749
2017_1116_1190,0.544682257308
2017_1116_1308,0.382915076965
2017_1116_1407,0.235385628962
2017_1116_1291,0.132805312351
2017_1116_1309,0.147742836589
2017_1116_1211,0.82298599167
2017_1116_1199,0.499590663777
2017_1116_1452,0.63302049896
2017_1116_1323,0.472483883899
2017_1116_1268,0.211856020159
2017_1116_1388,0.678615415489
2017_1116_1321,0.29150655235
2017_1116_1435,0.206019698822
2017_1116_1433,0.482540986673
2017_1116_1462,0.219943707674
2017_1116_1343,0.380224857996
2017_1116_1137,0.471051000525
2017_1116_1195,0.331357244494
2017_1116_1315,0.298227601768
2017_1116_1355,0.186264873178
2017_1116_1242,0.603104880082
2017_1116_1257,0.603834616423
2017_1116_1332,0.791297674024
2017_1116_1345,0.62997090804
2017_1116_1235,0.356629640373
2017_1116_1166,0.385355160559
2017_1116_1276,0.252241113157
2017_1116_1274,0.30929153837
2017_1116_1277,0.245599008124
2017_1116_1329,0.585517047986
2017_1116_1348,0.422381003519
2017_1116_1305,0.458956862222
2017_1116_1436,0.509758149328
2017_1116_1233,0.316482941541
2017_1116_1240,0.168964734187
2017_1116_1300,0.407500127617
2017_1116_1413,0.200493329179
2017_1116_1314,0.656619517218
2017_1116_1246,0.680171685235
2017_1116_1417,0.571814825167
2017_1116_1139,0.373633371478
2017_1116_1278,0.423354207489
2017_1116_1153,0.642983851145
2017_1116_1173,0.461192431858
2017_1116_1371,0.248930437719
2017_1116_1455,0.789466864422
2017_1116_1243,0.26525750057
2017_1116_1448,0.356859470702
2017_1116_1292,0.544458073944
2017_1116_1457,0.391948567462
2017_1116_1245,0.237030392911
2017_1116_1297,0.21520859028
2017_1116_1411,0.213474482022
2017_1371_1437,0.908172953811
2017_1371_1438,0.780351722209
2017_1371_1374,0.851524721133
2017_1371_1376,0.591730609382
2017_1371_1458,0.76633647762
2017_1371_1439,0.606380491438
2017_1371_1425,0.668194711069
2017_1371_1423,0.679809972377
2017_1371_1407,0.53297047458
2017_1371_1452,0.827565998177
2017_1371_1388,0.832665498852
2017_1371_1435,0.499827519308
2017_1371_1433,0.748887887679
2017_1371_1462,0.496279485549
2017_1371_1436,0.756504112596
2017_1371_1413,0.383853979552
2017_1371_1417,0.74416356293
2017_1371_1455,0.908148326293
2017_1371_1448,0.639963512388
2017_1371_1457,0.716106248108
2017_1371_1411,0.471396977478
2017_1455_1458,0.0858055088957
2017_1455_1462,0.074999763281
2017_1455_1457,0.104632113002
2017_1243_1437,0.817110427617
2017_1243_1438,0.619066857249
2017_1243_1374,0.718728538645
2017_1243_1376,0.524529700499
2017_1243_1458,0.603429830864
2017_1243_1439,0.492090905342
2017_1243_1266,0.55514404631
2017_1243_1344,0.389726242326
2017_1243_1425,0.542260165207
2017_1243_1423,0.555350292276
2017_1243_1308,0.541663322467
2017_1243_1407,0.444830956345
2017_1243_1291,0.311330672397
2017_1243_1309,0.328263460473
2017_1243_1452,0.677416968317
2017_1243_1323,0.602749772386
2017_1243_1268,0.398577353178
2017_1243_1388,0.689159025293
2017_1243_1321,0.447117987624
2017_1243_1435,0.370931979924
2017_1243_1433,0.591653326406
2017_1243_1462,0.416040473397
2017_1243_1343,0.524154672303
2017_1243_1315,0.47623741722
2017_1243_1355,0.37772963545
2017_1243_1257,0.679713448173
2017_1243_1332,0.812734029273
2017_1243_1345,0.679044729236
2017_1243_1276,0.439431991847
2017_1243_1274,0.448785588198
2017_1243_1277,0.403839234789
2017_1243_1329,0.600487336945
2017_1243_1348,0.571613289257
2017_1243_1305,0.56439562539
2017_1243_1436,0.583940705354
2017_1243_1300,0.557141361137
2017_1243_1413,0.36149785644
2017_1243_1314,0.697898923078
2017_1243_1246,0.75797010921
2017_1243_1417,0.621465155179
2017_1243_1278,0.58938200007
2017_1243_1371,0.406603731038
2017_1243_1455,0.812248159496
2017_1243_1448,0.499481247973
2017_1243_1292,0.631337888527
2017_1243_1457,0.550661323128
2017_1243_1245,0.401501289621
2017_1243_1297,0.416237642504
2017_1243_1411,0.380767869052
2017_1448_1458,0.659109504746
2017_1448_1452,0.699105207784
2017_1448_1462,0.464127157071
2017_1448_1455,0.784989908364
2017_1448_1457,0.619860692302
2017_1292_1437,0.677284382481
2017_1292_1438,0.215291916335
2017_1292_1374,0.43347735618
2017_1292_1376,0.131304044383
2017_1292_1458,0.208988488937
2017_1292_1439,0.254022460334
2017_1292_1344,0.0897065757488
2017_1292_1425,0.212666360835
2017_1292_1423,0.254271053692
2017_1292_1308,0.189000149777
2017_1292_1407,0.123722085812
2017_1292_1309,0.0682966264837
2017_1292_1452,0.399612017451
2017_1292_1323,0.30021459273
2017_1292_1388,0.414888008938
2017_1292_1321,0.123128469252
2017_1292_1435,0.103306039374
2017_1292_1433,0.243973587199
2017_1292_1462,0.126612854175
2017_1292_1343,0.15348233097
2017_1292_1315,0.195742983808
2017_1292_1355,0.140445745615
2017_1292_1332,0.721423741745
2017_1292_1345,0.488279526245
2017_1292_1329,0.390514912894
2017_1292_1348,0.188104536975
2017_1292_1305,0.327457660529
2017_1292_1436,0.245747449111
2017_1292_1300,0.166881700434
2017_1292_1413,0.0906737192935
2017_1292_1314,0.502457350861
2017_1292_1417,0.411943923319
2017_1292_1371,0.130197154402
2017_1292_1455,0.603095280852
2017_1292_1448,0.225928755554
2017_1292_1457,0.212023130814
2017_1292_1297,0.129269588724
2017_1292_1411,0.0853410739214
2017_1457_1458,0.420954212473
2017_1457_1462,0.320621562254
2017_1245_1437,0.879387937829
2017_1245_1438,0.675714947398
2017_1245_1374,0.806067901412
2017_1245_1376,0.482550679462
2017_1245_1458,0.657333958629
2017_1245_1439,0.480494084948
2017_1245_1266,0.588062309078
2017_1245_1344,0.330300977423
2017_1245_1425,0.540711507325
2017_1245_1423,0.56089057147
2017_1245_1308,0.59230149974
2017_1245_1407,0.426866128581
2017_1245_1291,0.22650665552
2017_1245_1309,0.249189663018
2017_1245_1452,0.75869410162
2017_1245_1323,0.604948862859
2017_1245_1268,0.387007359101
2017_1245_1388,0.782837081486
2017_1245_1321,0.487165652424
2017_1245_1435,0.354987069195
2017_1245_1433,0.628166285555
2017_1245_1462,0.42318231884
2017_1245_1343,0.576136064243
2017_1245_1315,0.485236275278
2017_1245_1355,0.316109447695
2017_1245_1257,0.708428903143
2017_1245_1332,0.843796836304
2017_1245_1345,0.777960756517
2017_1245_1276,0.443889169182
2017_1245_1274,0.51153557026
2017_1245_1277,0.413967115556
2017_1245_1329,0.673418433368
2017_1245_1348,0.602503537849
2017_1245_1305,0.629196960293
2017_1245_1436,0.638898217972
2017_1245_1300,0.602643884604
2017_1245_1413,0.33914465405
2017_1245_1314,0.783118018108
2017_1245_1246,0.789256671045
2017_1245_1417,0.686170316563
2017_1245_1278,0.565227867722
2017_1245_1371,0.4312384679
2017_1245_1455,0.863490039381
2017_1245_1448,0.509808909626
2017_1245_1292,0.702147063776
2017_1245_1457,0.593812088637
2017_1245_1297,0.40969031324
2017_1245_1411,0.381959909686
2017_1297_1437,0.900672397707
2017_1297_1438,0.750109925155
2017_1297_1374,0.814221644924
2017_1297_1376,0.565438414438
2017_1297_1458,0.730491231883
2017_1297_1439,0.623577972612
2017_1297_1344,0.428168175464
2017_1297_1425,0.628676559089
2017_1297_1423,0.640931813871
2017_1297_1308,0.678321185078
2017_1297_1407,0.526144935355
2017_1297_1309,0.31743720119
2017_1297_1452,0.797054269786
2017_1297_1323,0.684392938446
2017_1297_1388,0.791782813125
2017_1297_1321,0.591719909593
2017_1297_1435,0.466127340658
2017_1297_1433,0.711374064736
2017_1297_1462,0.52962869076
2017_1297_1343,0.658847761757
2017_1297_1315,0.584500839673
2017_1297_1355,0.4016535857
2017_1297_1332,0.848894253172
2017_1297_1345,0.818954927506
2017_1297_1329,0.751937015787
2017_1297_1348,0.694172423203
2017_1297_1305,0.689948590175
2017_1297_1436,0.697335336677
2017_1297_1300,0.694074917256
2017_1297_1413,0.412932950902
2017_1297_1314,0.775866377431
2017_1297_1417,0.681560277712
2017_1297_1371,0.534578389356
2017_1297_1455,0.877628446667
2017_1297_1448,0.611555982401
2017_1297_1457,0.694290497508
2017_1297_1411,0.451632964092
2017_1411_1437,0.90247082011
2017_1411_1438,0.704600777316
2017_1411_1458,0.689560650231
2017_1411_1439,0.496531916417
2017_1411_1425,0.570594112761
2017_1411_1423,0.587575028351
2017_1411_1452,0.803415311737
2017_1411_1435,0.394126863673
2017_1411_1433,0.668856272604
2017_1411_1462,0.394218522955
2017_1411_1436,0.669459291517
2017_1411_1413,0.326870359494
2017_1411_1417,0.702860971609
2017_1411_1455,0.894674522437
2017_1411_1448,0.535282015994
2017_1411_1457,0.621500189392
